{
    "geometries": [{
        "materials": [{
            "colorSpecular": [0.001176,0.001176,0.001176],
            "doubleSided": true,
            "transparent": false,
            "DbgIndex": 0,
            "shading": "phong",
            "depthWrite": true,
            "opacity": 1,
            "colorDiffuse": [0.419608,0.333333,0.113725],
            "depthTest": true,
            "DbgName": "6b551d",
            "specularCoef": 50,
            "colorAmbient": [0.419608,0.333333,0.113725],
            "DbgColor": 15658734,
            "colorEmissive": [0,0,0],
            "blending": "NormalBlending",
            "visible": true,
            "wireframe": false
        }],
        "uuid": "090C273B-4562-39BD-8308-7C956B4403AE",
        "data": {
            "skinWeights": [],
            "metadata": {
                "uvs": 1,
                "materials": 1,
                "generator": "io_three",
                "morphTargets": 0,
                "bones": 0,
                "vertices": 25,
                "version": 3,
                "normals": 25,
                "faces": 29
            },
            "uvs": [[-1.25078,1,-1.05745,0.776682,-1.05745,0.223317,-1.25078,0,-0.414946,1,-0.414946,0,1,0,1,1,-0.336544,0.210297,-0.336544,0.789703,0.370955,0.789703,0.370955,0.210297,-0.411576,0.127778,0.497447,0.127778,0.497447,0.872222,-0.411576,0.872222,-0.83923,0.284656,-0.83923,0.715344,-0.779196,0,-0.779196,1,-1.31426,1,-1.31426,0,1.42962,0.5,1.91795,0.5,1.09647,0.5]],
            "normals": [-0.665731,0.70745,-0.237159,-0.652303,0.542924,-0.528825,-0.652303,-0.542924,-0.528825,-0.665731,-0.70745,-0.237159,0.222755,0.865139,0.449293,0.222755,-0.865139,0.449293,0.219153,-0.835627,0.503647,0.219153,0.835627,0.503647,-0.032868,-0.565203,-0.824274,-0.032868,0.565203,-0.824274,0.074953,0.566759,-0.820429,0.074953,-0.566759,-0.820429,-0.055086,-0.945463,-0.320963,0.174078,-0.913755,-0.367046,0.174078,0.913755,-0.367046,-0.055086,0.945463,-0.320963,-0.316263,-0.43849,-0.841212,-0.316263,0.43849,-0.841212,0.284829,-0.63271,0.720084,0.284829,0.63271,0.720084,-0.632893,0.568377,0.525681,-0.632893,-0.568377,0.525681,0.710318,0,-0.703848,0.897427,0,0.441115,0.421949,0,-0.906613],
            "faces": [42,10,11,12,0,0,1,2,0,1,2,42,10,12,13,0,0,2,3,0,2,3,42,6,7,2,0,4,5,6,4,5,6,42,6,2,3,0,4,6,7,4,6,7,42,21,18,19,0,8,9,10,8,9,10,42,21,19,20,0,8,10,11,8,10,11,42,7,9,4,0,5,12,13,5,12,13,42,7,4,2,0,5,13,6,5,13,6,42,3,5,8,0,7,14,15,7,14,15,42,3,8,6,0,7,15,4,7,15,4,43,6,8,11,10,0,4,15,1,0,4,15,1,0,43,18,21,22,23,0,9,8,16,17,9,8,16,17,43,9,7,13,12,0,12,5,3,2,12,5,3,2,43,15,14,16,17,0,18,19,20,21,18,19,20,21,43,7,6,14,15,0,5,4,19,18,5,4,19,18,43,6,10,16,14,0,4,0,20,19,4,0,20,19,43,10,13,17,16,0,0,3,21,20,0,3,21,20,43,13,7,15,17,0,3,5,18,21,3,5,18,21,43,1,0,2,4,0,22,23,6,13,22,23,6,13,42,20,19,24,0,11,10,24,11,10,24,43,0,1,5,3,0,23,22,14,7,23,22,14,7,42,3,2,0,0,7,6,23,7,6,23,43,8,5,19,18,0,15,14,10,9,15,14,10,9,43,4,9,21,20,0,13,12,8,11,13,12,8,11,43,9,12,22,21,0,12,2,16,8,12,2,16,8,43,12,11,23,22,0,2,1,17,16,2,1,17,16,43,11,8,18,23,0,1,15,9,17,1,15,9,17,43,5,1,24,19,0,14,22,24,10,14,22,24,10,43,1,4,20,24,0,22,13,11,24,22,13,11,24],
            "skinIndices": [],
            "bones": [],
            "influencesPerVertex": 2,
            "morphTargets": [],
            "animations": [],
            "name": "HullGeometry",
            "vertices": [1.41795,0,0.34531,0.929622,0,-0.5,0.5,-0.5,0.135913,0.5,0.5,0.135913,-0.002553,-0.372222,-0.5,-0.002553,0.372222,-0.5,-0.914946,0.5,0.135913,-0.914946,-0.5,0.135913,-0.911576,0.372222,-0.5,-0.911576,-0.372222,-0.5,-1.75078,0.5,0.135239,-1.55745,0.276683,-0.500674,-1.55745,-0.276683,-0.500674,-1.75078,-0.5,0.135239,-1.2792,0.5,0.47838,-1.2792,-0.5,0.47838,-1.81426,0.5,0.477706,-1.81426,-0.5,0.477706,-0.836544,0.289703,-0.700043,-0.129045,0.289703,-0.700043,-0.129045,-0.289703,-0.700043,-0.836544,-0.289703,-0.700043,-1.33923,-0.215344,-0.700567,-1.33923,0.215344,-0.700567,0.596472,0,-0.700043]
        },
        "type": "Geometry"
    },{
        "materials": [{
            "colorSpecular": [0.001176,0.001176,0.001176],
            "doubleSided": true,
            "transparent": false,
            "DbgIndex": 0,
            "shading": "phong",
            "depthWrite": true,
            "opacity": 1,
            "colorDiffuse": [0.690196,0.690196,0.690196],
            "depthTest": true,
            "DbgName": "b0b0b0",
            "specularCoef": 50,
            "colorAmbient": [0.690196,0.690196,0.690196],
            "DbgColor": 15658734,
            "colorEmissive": [0,0,0],
            "blending": "NormalBlending",
            "visible": true,
            "wireframe": false
        }],
        "uuid": "A9E30E79-8060-3971-9071-E3C820EAA850",
        "data": {
            "skinWeights": [],
            "metadata": {
                "uvs": 1,
                "materials": 1,
                "generator": "io_three",
                "morphTargets": 0,
                "bones": 0,
                "vertices": 12,
                "version": 3,
                "normals": 12,
                "faces": 10
            },
            "uvs": [[0,1,0,0,1,0,1,1]],
            "normals": [0.758446,-0.6386,-0.129887,0.335673,-0.543474,-0.769341,0.335673,0.543474,-0.769341,0.758446,0.6386,-0.129887,-0.518204,0.854976,0.020142,-0.771325,0.507065,-0.384564,-0.771325,-0.507065,-0.384564,-0.518204,-0.854976,0.020142,-0.688864,0.535081,0.488998,-0.688864,-0.535081,0.488998,0.457076,-0.564165,0.687551,0.457076,0.564165,0.687551],
            "faces": [43,0,2,3,1,0,0,1,2,3,0,1,2,3,43,4,6,7,5,0,0,1,2,3,4,5,6,7,43,9,8,10,11,0,0,1,2,3,8,9,10,11,43,7,6,3,2,0,0,1,2,3,6,5,2,1,43,2,0,5,7,0,2,3,0,1,1,0,7,6,43,1,3,6,4,0,0,1,2,3,3,2,5,4,43,4,5,8,9,0,1,1,1,1,4,7,9,8,43,5,0,10,8,0,1,1,1,1,7,0,10,9,43,0,1,11,10,0,1,1,1,1,0,3,11,10,43,1,4,9,11,0,1,1,1,1,3,4,8,11],
            "skinIndices": [],
            "bones": [],
            "influencesPerVertex": 2,
            "morphTargets": [],
            "animations": [],
            "name": "SailGeometry",
            "vertices": [-0.218926,-0.607576,-0.438531,-0.218926,0.607576,-0.438531,-0.637721,-0.5,-0.963252,-0.637721,0.5,-0.963252,-0.33946,0.607576,-0.438531,-0.33946,-0.607576,-0.438531,-0.758255,0.5,-0.963252,-0.758255,-0.5,-0.963252,-0.758255,-0.5,0.677873,-0.758255,0.5,0.677873,-0.637721,-0.5,0.677873,-0.637721,0.5,0.677873]
        },
        "type": "Geometry"
    },{
        "materials": [{
            "colorSpecular": [0.001176,0.001176,0.001176],
            "doubleSided": true,
            "transparent": false,
            "DbgIndex": 0,
            "shading": "phong",
            "depthWrite": true,
            "opacity": 1,
            "colorDiffuse": [0.317647,0.27451,0.188235],
            "depthTest": true,
            "DbgName": "514630",
            "specularCoef": 50,
            "colorAmbient": [0.317647,0.27451,0.188235],
            "DbgColor": 15658734,
            "colorEmissive": [0,0,0],
            "blending": "NormalBlending",
            "visible": true,
            "wireframe": false
        }],
        "uuid": "469833C7-5511-3B4C-9F1F-DDB87AA6BA53",
        "data": {
            "skinWeights": [],
            "metadata": {
                "uvs": 1,
                "materials": 1,
                "generator": "io_three",
                "morphTargets": 0,
                "bones": 0,
                "vertices": 6,
                "version": 3,
                "normals": 6,
                "faces": 5
            },
            "uvs": [[0,1,0,0,1,0,1,1]],
            "normals": [-0.48909,0.666158,0.563005,-0.48909,0.666158,-0.563005,-0.48909,-0.666158,-0.563005,-0.48909,-0.666158,0.563005,0.839747,0,0.542924,0.839747,0,-0.542924],
            "faces": [43,2,4,5,3,0,0,1,2,3,0,1,2,3,42,2,3,0,0,0,1,2,0,3,4,42,5,4,1,0,0,1,2,2,1,5,43,1,0,3,5,0,2,3,0,1,5,4,3,2,43,0,1,4,2,0,0,1,2,3,4,5,1,0],
            "skinIndices": [],
            "bones": [],
            "influencesPerVertex": 2,